kic_id,planet_name,period_days,duration_hours,median_norm_depth,median_radius_ratio,transits_detected,planet_radius_Rjup,orbital_distance_AU,mean_confidence
5780885,Kepler-7b,4.885525,4.5,0.007235478341845,0.1085892957104393,107,1.0594,0.05635,0.972772585669782
6922244,Kepler-8b,3.5225,3.28,0.0086248293900713,0.1181747801409165,127,1.1537,0.04531,0.988241469816273
10619192,Kepler-17b,1.4857,2.067,0.00129733454872795,0.045980279157578005,312,0.4369,0.02548,0.9403098290598291
10874614,Kepler-6b,3.2347,3.23,0.0103007673268219,0.12956514110268563,98,1.26265,0.04281,0.9785374149659863
11446443,TrES-2b,2.47063,1.7,0.0134284178098077,0.14759410312067264,48,1.3644500000000002,0.03553,0.9954166666666667
11853905,Kepler-4b,3.21346,3.95,0.0007519836724064,0.0349190519896173,89,0.34025,0.04262,0.991498127340824
