kic_id,planet_name,period_days,duration_hours,median_norm_depth,median_radius_ratio,transits_detected,planet_radius_Rjup,orbital_distance_AU,mean_confidence
5780885,Kepler-7b,4.885525,4.5,0.0073508312741452,0.10926206892046715,112,1.06475,0.05635,0.9804166666666667
6922244,Kepler-8b,3.5225,3.28,0.008599393388034,0.1182135701344465,145,1.1536499999999998,0.04531,0.9801149425287357
10619192,Kepler-17b,1.4857,2.067,0.0012147270779046,0.0443286530538535,328,0.43,0.02548,0.9603150406504065
10874614,Kepler-6b,3.2347,3.23,0.01041978122263215,0.12959795778055724,100,1.2668,0.04281,0.9695999999999999
11446443,TrES-2b,2.47063,1.7,0.0134284178098077,0.14759410312067264,48,1.3644500000000002,0.03553,0.9809722222222222
11853905,Kepler-4b,3.21346,3.95,0.0007688008187884999,0.03539648572499655,96,0.3447,0.04262,0.9900000000000001
