kic_id,planet_name,period_days,duration_hours,median_norm_depth,median_radius_ratio,transits_detected,planet_radius_Rjup,orbital_distance_AU
5780885,Kepler-7b,4.885525,4.5,0.0069393487211883,0.0833027533829968,53,1.6375,0.06228
6922244,Kepler-8b,3.5225,3.28,0.0080473970629292,0.0897072854506771,61,1.2972,0.04832
10619192,Kepler-17b,1.4857,2.067,0.0025946039168087,0.05093725470428,167,0.518,0.02677
10874614,Kepler-6b,3.2347,3.23,0.0094353546672474,0.097135646424751,52,1.3148499999999999,0.0456
11446443,TrES-2b,2.47063,1.7,0.0084211788077807,0.0917669810322905,37,0.893,0.03553
11853905,Kepler-4b,3.21346,3.95,0.0006291663160386,0.0250831879161844,39,0.363,0.04558
