kic_id,planet_name,period_days,duration_hours,median_norm_depth,median_radius_ratio,transits_detected,planet_radius_Rjup,orbital_distance_AU,mean_confidence
5780885,Kepler-7b,4.885647928828165,4.5600000000000005,0.0072722754804871,0.1080067602785954,105,2.0621,0.06228,0.9968888888888888
6922244,Kepler-8b,3.522451653654713,2.52,0.00856768061917515,0.1165018319878351,104,1.6473,0.04832,0.9888461538461539
10619192,Kepler-17b,1.4857034544788752,1.92,0.0011869402352188002,0.04409868506477225,244,0.4387,0.02677,0.990464480874317
10874614,Kepler-6b,3.23461943443771,3.24,0.010330843228384401,0.13032805218268215,96,1.6372499999999999,0.0456,0.9998958333333333
11446443,TrES-2b,2.470691375354695,1.92,0.0134284178098077,0.14759410312067264,48,1.3644500000000002,0.03553,1.0
11853905,Kepler-4b,3.213761593921035,3.84,0.0007531327415733,0.0350306001093908,75,0.5226,0.04558,0.9978222222222223
